#,Food (name),Serving Description,Serving Size,Serving Units,Food Description,Tags,Calories,Grams,Total Fat (g),Saturated Fat (g),Trans Fat (g),Cholesterol (mg),Sodium (mg),Total Carbs (g),Dietary Fiber (g),Sugar (g),Protein (g),Vitamin A (%),Vitamin C (%),Calcium (%),Iron (%),Energy (MJ),Blue Water (L),Green Water (L),Grey Water (L),GHG Emissions (kgCO2e)
1,Apple (fresh),1 large apple,1.00,large apple,Fresh apple,"fruit, apples",130.00,24.00,0.30,0.10,0.00,0.00,0.00,34.00,5.00,25.00,1.00,2.00,8.00,2.00,2.00,0.77,45.64,85.87,21.94,0.12
2,Apricot (fresh),4 apricots,4.00,apricots,Fresh apricot,"fruit, apricots",68.00,14.00,0.60,0.00,0.00,0.00,1.00,15.60,2.80,12.90,2.00,52.00,20.00,0.00,0.00,0.97,72.64,71.60,15.33,0.05
3,Avocado (fresh),1/5 medium avocado,0.20,medium avocado,Fresh avocado,"fruit, avocados",50.00,3.00,4.50,0.90,0.00,0.00,0.00,3.00,1.00,0.00,1.00,0.00,4.00,0.00,2.00,0.03,12.54,18.80,4.40,0.03
4,Banana (fresh),1 banana,1.00,banana,Fresh banana,"fruit, bananas",110.00,13.00,0.40,0.10,0.00,0.00,0.00,30.00,3.00,19.00,1.00,2.00,15.00,0.00,2.00,1.51,25.92,64.98,6.87,0.19
5,Blueberries (fresh),1 cup,1.00,cup,Fresh blueberries,"fruit, blueberries",84.00,15.00,0.50,0.00,0.00,0.00,1.00,21.50,3.60,14.70,1.10,1.00,24.00,0.00,2.00,1.33,47.11,42.22,28.93,0.06
6,Cantaloupe (fresh),1/4 medium melon,0.25,medium melon,Fresh cantaloupe,"fruit, cantaloupe",50.00,13.00,0.30,0.10,0.00,0.00,20.00,12.00,1.00,11.00,1.00,120.00,80.00,2.00,2.00,3.22,4.43,13.75,8.86,0.04
7,Cherries (fresh),1 cup or 20 cherries,1.00,cup,Fresh cherries,"fruit, cherries",100.00,14.00,0.30,0.10,0.00,0.00,0.00,26.00,1.00,16.00,1.00,2.00,15.00,2.00,2.00,0.97,81.86,108.42,21.09,0.05
8,Cranberries (fresh),1/2 cup,0.50,cup,Fresh cranberries,"fruit, cranberries",23.00,5.00,0.10,0.00,0.00,0.00,1.00,6.00,1.80,2.10,0.20,0.50,11.00,0.00,0.50,0.49,5.54,4.43,4.00,0.02
9,Grapefruit (fresh),1/2 medium grapefruit,0.50,medium grapefruit,Fresh grapefruit,"fruit, grapefruit",60.00,15.00,0.20,0.00,0.00,0.00,0.00,15.00,2.00,11.00,1.00,35.00,100.00,4.00,0.00,0.86,44.13,7.94,10.98,0.11
10,Grapes (fresh),3/4 cup,0.75,cup,Fresh grapes,"fruit, grapes",90.00,13.00,0.50,0.20,0.00,0.00,15.00,23.00,1.00,20.00,0.00,0.00,2.00,2.00,0.00,1.10,19.29,34.30,10.95,0.05
11,Honeydew (fresh),1/10 medium melon,0.10,medium melon,Fresh honeydew,"fruit, honeydew",50.00,13.00,0.20,0.10,0.00,0.00,30.00,12.00,1.00,11.00,1.00,2.00,45.00,2.00,2.00,3.22,4.43,13.75,8.86,0.04
12,Kiwis (fresh),2 medium kiwis,2.00,medium kiwis,Fresh kiwi,"fruit, kiwis",90.00,15.00,0.80,0.00,0.00,0.00,0.00,20.00,4.00,13.00,1.00,2.00,240.00,4.00,2.00,17.00,48.50,37.10,10.60,0.10
13,Lemons (fresh),1 medium lemon,1.00,medium lemon,Fresh lemon,"fruit, lemons",15.00,6.00,0.20,0.00,0.00,0.00,0.00,5.00,2.00,2.00,0.00,0.00,40.00,2.00,0.00,0.32,5.91,19.82,2.99,0.04
14,Limes (fresh),1 medium lime,1.00,medium lime,Fresh lime,"fruit, limes",20.00,7.00,0.10,0.00,0.00,0.00,0.00,7.00,2.00,0.00,0.00,0.00,35.00,0.00,0.00,0.37,6.83,22.90,3.46,0.05
15,Mandarin oranges (fresh),1 medium mandarin,1.00,medium mandarin,Fresh mandarin orange,"fruit, mandarin oranges",50.00,11.00,0.30,0.00,0.00,0.00,0.00,13.00,2.00,9.00,1.00,6.00,45.00,4.00,0.00,0.14,10.98,43.08,11.53,0.07
16,Mangoes (fresh),1/2 mango,0.50,mango,Mangoes (fresh),"fruit, mangoes",101.00,17.00,0.60,0.20,0.00,0.00,0.00,25.20,2.70,23.00,1.40,36.00,101.50,1.50,1.00,19.30,103.70,329.80,37.30,0.80
17,Oranges (fresh),1 medium orange,1.00,medium orange,Oranges (fresh),"fruit, oranges",80.00,15.00,0.40,0.00,0.00,0.00,0.00,19.00,3.00,14.00,1.00,2.00,130.00,6.00,0.00,0.86,12.85,48.69,7.11,0.11
18,Papayas (fresh),1 small papaya,1.00,small papaya,Papayas (fresh),"fruit, papayas",67.00,16.00,0.40,0.10,0.00,0.00,13.00,17.00,2.70,12.00,0.70,29.00,159.00,3.00,2.00,18.10,8.10,59.50,5.80,0.70
19,Peaches (fresh),1 medium peach,1.00,medium peach,Peaches (fresh),"fruit, peaches",60.00,15.00,0.40,0.00,0.00,0.00,0.00,15.00,2.00,13.00,1.00,6.00,15.00,0.00,2.00,0.36,37.67,59.00,16.15,0.05
20,Pears (fresh),1 medium pear,1.00,medium pear,Pears (fresh),"fruit, pears",100.00,17.00,0.20,0.00,0.00,0.00,0.00,26.00,6.00,16.00,1.00,0.00,10.00,2.00,0.00,0.53,23.42,64.03,18.92,0.07
21,Pineapples (fresh),2 slices (3in diameter 3/4in thick),2.00,slices,Pineapples (fresh),"fruit, pineapples",50.00,32.00,0.10,0.00,0.00,0.00,10.00,13.00,1.00,10.00,0.90,2.00,50.00,2.00,2.00,1.00,2.23,58.05,11.16,0.12
22,Plums (fresh),2 medium plums,2.00,medium plums,Plums (fresh),"fruit, plums",70.00,15.00,0.40,0.00,0.00,0.00,0.00,19.00,2.00,16.00,1.00,8.00,10.00,0.00,2.00,1.05,51.34,141.76,40.12,0.05
23,Raspberries (fresh),1 cup,1.00,cup,Raspberries (fresh),"fruit, raspberries",64.00,12.00,0.80,0.00,0.00,0.00,1.00,14.70,8.00,5.40,1.50,0.00,53.00,3.00,4.00,1.03,17.19,28.54,14.30,0.05
24,Strawberries (fresh),1 cup or 8 medium strawberries,1.00,cup,Strawberries (fresh),"fruit, strawberries",50.00,15.00,0.50,0.00,0.00,0.00,0.00,11.00,2.00,8.00,1.00,0.00,160.00,2.00,2.00,1.74,12.01,20.58,5.06,0.06
25,Watermelon (fresh),1/18 melon or 2 cups diced,0.06,melon,Watermelon (fresh),"fruit, watermelon",80.00,28.00,0.40,0.00,0.00,0.00,0.00,21.00,1.00,20.00,1.00,30.00,25.00,2.00,4.00,6.72,16.58,33.85,16.31,0.09
26,Fruit (canned),1/2 cup,0.50,cup,Fruit (canned),fruit,63.00,11.00,0.00,0.00,0.00,0.00,5.00,16.00,1.40,13.00,0.50,6.00,4.00,0.00,2.00,2.93,33.17,38.34,8.98,0.12
27,Tropical fruit (canned),1/2 cup,0.50,cup,Tropical fruit (canned),fruit,111.00,13.00,0.10,0.00,0.00,0.00,2.50,28.70,1.70,27.10,0.50,3.50,37.50,1.50,3.50,1.67,43.50,139.88,16.73,0.60
28,Apples (frozen),1/2 cup,0.50,cup,Apples (frozen),"fruit, apples",48.00,10.30,0.34,0.06,0.00,0.00,3.00,12.36,1.30,6.50,0.30,2.00,14.00,2.00,2.00,3.22,22.58,48.05,10.00,0.70
29,Apricots (frozen),1/2 cup,0.50,cup,Apricots (frozen),"fruit, apricots",119.00,12.10,0.12,0.01,0.00,0.00,5.00,30.37,2.70,12.44,0.85,40.00,18.00,1.00,6.00,3.22,22.58,48.05,10.00,0.70
30,Cherries (frozen),1/2 cup,0.50,cup,Cherries (frozen),"fruit, cherries",115.00,12.95,0.17,0.04,0.00,0.00,1.00,28.96,2.70,26.24,1.49,5.00,2.00,1.50,2.50,3.22,22.58,48.05,10.00,0.70
31,Peaches (frozen),1/2 cup,0.50,cup,Peaches (frozen),"fruit, peaches",118.00,12.50,0.16,0.02,0.00,0.00,8.00,29.98,2.20,27.72,0.79,7.00,196.50,0.50,2.50,3.22,22.58,48.05,10.00,0.70
32,Pineapples (frozen),1/2 cup,0.50,cup,Pineapples (frozen),"fruit, pineapples",105.00,12.25,0.12,0.01,0.00,0.00,2.00,27.20,1.30,25.85,0.49,0.50,16.50,1.00,2.50,3.22,22.58,48.05,10.00,0.70
33,Blackberries (frozen),1/2 cup,0.50,cup,Blackberries (frozen),"fruit, blackberries",48.00,8.00,0.30,0.00,0.00,0.00,1.00,11.80,3.80,8.10,0.90,1.50,4.00,2.00,3.50,1.20,10.48,17.40,8.72,0.03
34,Blueberries (frozen),1/2 cup,0.50,cup,Blueberries (frozen),"fruit, blueberries",88.00,10.00,0.30,0.00,0.00,0.00,1.00,17.30,2.30,14.60,0.40,0.75,2.50,0.50,1.75,0.81,30.64,27.46,18.81,0.04
35,Cranberries (frozen),1/2 cup,0.50,cup,Cranberries (frozen),"fruit, cranberries",22.50,4.75,0.00,0.00,0.00,0.00,0.00,6.00,2.00,2.00,0.00,1.00,10.00,0.00,1.00,0.81,14.49,13.18,8.78,0.03
36,Raspberries (frozen),1/2 cup,0.50,cup,Raspberries (frozen),"fruit, raspberries",83.00,10.00,0.30,0.00,0.00,0.00,0.80,20.50,5.00,15.10,0.90,1.25,36.25,2.50,4.75,1.56,13.63,22.62,11.34,0.04
37,Strawberries (frozen),1/2 cup,0.50,cup,Strawberries (frozen),"fruit, strawberries",83.00,10.00,0.10,0.00,0.00,0.00,2.30,22.20,2.10,19.20,0.60,0.67,82.67,1.67,4.00,1.62,8.25,14.14,3.48,0.04
38,Apples (dried),1/4 cup,0.25,cup,Apples (dried),"fruit, apples",52.00,5.00,0.10,0.00,0.00,0.00,14.90,12.80,1.50,10.40,0.20,0.17,1.17,0.25,1.42,1.40,71.91,135.28,34.57,0.28
39,Apricots (dried),1/4 cup,0.25,cup,Apricots (dried),"fruit, apricots",53.00,6.25,0.11,0.00,0.00,0.00,2.00,13.84,1.60,12.23,0.75,16.00,0.25,1.25,3.25,1.65,111.82,110.22,23.60,0.35
40,Bananas (dried),1/4 cup,0.25,cup,Bananas (dried),"fruit, bananas",86.00,2.50,0.45,0.17,0.00,0.00,1.00,22.07,2.50,11.82,0.97,1.25,3.00,0.50,1.50,0.66,5.14,12.89,1.36,0.14
41,Blueberries (dried),1/4 cup,0.25,cup,Blueberries (dried),"fruit, blueberries",127.00,4.00,1.00,0.08,0.00,0.00,1.00,32.00,3.00,27.00,1.00,4.00,2.00,10.00,2.00,1.05,39.79,2930.85,377.67,0.22
42,Cherries (dried),1/4 cup,0.25,cup,Cherries (dried),"fruit, cherries",140.00,4.00,0.29,0.06,0.00,0.00,6.00,32.18,10.00,18.00,0.50,0.00,0.00,0.00,0.00,1.05,39.79,2930.85,377.67,0.22
43,Cranberries (dried),1/4 cup,0.25,cup,Cranberries (dried),"fruit, cranberries",123.00,4.00,0.50,0.00,0.00,0.00,1.00,33.00,2.30,26.00,0.00,0.00,0.00,0.00,1.00,1.05,39.79,2930.85,377.67,0.22
44,Grapes (dried),1/4 cup or 1 small box,0.25,cup,Grapes (dried),"fruit, grapes",129.00,4.00,0.20,0.00,0.00,0.00,5.00,34.10,1.60,25.50,1.30,0.00,1.00,2.00,4.00,0.92,24.50,43.56,13.91,0.22
45,Raisins,1/4 cup or 1 small box,0.25,cup,Raisins,"fruit, grapes",129.00,4.00,0.20,0.00,0.00,0.00,5.00,34.10,1.60,25.50,1.30,0.00,1.00,2.00,4.00,0.92,24.50,43.56,13.91,0.22
46,Kiwis (dried),4 pieces,4.00,pieces,Kiwis (dried),"fruit, kiwis",101.00,2.80,0.00,0.00,0.00,0.00,73.00,24.00,0.00,13.00,0.00,0.00,0.00,0.00,0.00,0.74,17.28,54.97,6.21,0.16
47,Mangoes (dried),4 pieces,4.00,pieces,Mangoes (dried),"fruit, mangoes",120.00,3.80,0.00,0.00,0.00,0.00,0.00,28.00,2.00,20.00,2.00,80.00,10.00,2.00,10.00,1.00,23.46,74.61,8.43,0.21
48,Peaches (dried),1/4 cup,0.25,cup,Peaches (dried),"fruit, peaches",50.00,6.45,0.16,0.02,0.00,0.00,1.00,12.70,1.70,10.96,0.75,2.50,4.00,0.50,4.75,1.70,64.16,4726.00,377.67,0.36
49,Pears (dried),1/4 cup,0.25,cup,Pears (dried),"fruit, pears",81.00,6.40,0.20,0.00,0.00,0.00,2.00,21.55,4.10,17.47,0.58,0.50,4.25,1.00,3.50,1.69,63.66,4689.36,377.67,0.36
50,Pineapples (dried),1/3 cup,0.33,cup,Pineapples (dried),"fruit, pineapples",140.00,4.00,0.00,0.00,0.00,0.00,20.00,35.00,2.00,30.00,0.00,0.00,0.00,2.00,2.00,1.05,0.28,7.18,1.38,0.22
51,Plums (dried),4 pieces,4.00,pieces,Plums (dried),"fruit, plums",104.50,4.35,0.18,0.05,0.00,0.00,0.75,27.75,3.00,16.50,0.95,6.75,0.25,1.75,2.00,1.15,42.25,116.68,33.03,0.24
52,Prunes,4 pieces,4.00,pieces,Prunes,"fruit, plums",104.50,4.35,0.18,0.05,0.00,0.00,0.75,27.75,3.00,16.50,0.95,6.75,0.25,1.75,2.00,1.15,42.25,116.68,33.03,0.24
53,Raspberries (dried),1/4 cup,0.25,cup,Raspberries (dried),"fruit, raspberries",100.00,2.80,0.00,0.00,0.00,0.00,6.00,24.00,5.00,17.00,1.00,0.00,12.00,2.00,2.00,0.74,27.85,2051.60,377.67,0.16
54,Strawberries (dried),1/4 cup,0.25,cup,Strawberries (dried),"fruit, strawberries",120.00,2.80,0.00,0.00,0.00,0.00,0.00,30.00,2.00,25.00,1.00,0.00,0.00,2.00,2.00,0.74,27.85,2051.60,377.67,0.16
55,Apple juice,1 cup,1.00,cup,Apple juice,"fruit, apples",113.00,25.00,0.30,0.10,0.00,0.00,10.00,28.00,0.50,24.00,0.20,0.00,3.00,2.00,1.00,1.76,64.96,122.22,31.23,0.25
56,Orange juice,1 cup,1.00,cup,Orange juice,"fruit, oranges",111.00,25.00,0.50,0.10,0.00,0.00,2.00,26.00,0.50,21.00,1.70,9.00,206.00,2.00,2.00,11.00,37.80,143.10,20.90,0.20
57,Lemon juice,1 cup,1.00,cup,Lemon juice,"fruit, lemons",54.00,24.00,0.60,0.10,0.00,0.00,2.00,16.80,0.70,6.20,0.90,0.00,165.00,4.43,6.20,10.50,19.10,212.90,12.20,0.20
58,Lime juice,1 cup,1.00,cup,Lime juice,"fruit, limes",60.00,24.00,0.20,0.00,0.00,0.00,5.00,20.40,1.00,4.10,1.00,2.00,96.00,6.00,6.00,10.50,19.10,212.90,12.20,0.20
59,Grapefruit juice,1 cup,1.00,cup,Grapefruit juice,"fruit, grapefruit",96.00,25.00,0.20,0.00,0.00,0.00,2.00,23.00,0.20,22.50,1.20,21.00,156.00,2.00,2.00,11.00,23.70,95.10,15.50,0.20
60,Fruit juice (non-citrus),1 cup,1.00,cup,Fruit juice (non-citrus),fruit,113.00,25.00,0.30,0.10,0.00,0.00,10.00,28.00,0.50,24.00,0.20,0.00,3.00,2.00,1.00,1.76,24.49,186.33,24.05,0.25
61,Artichokes (fresh),1 artichoke,1.00,artichoke,Artichokes (fresh),"vegetable, artichokes",60.00,13.00,0.20,0.00,0.00,0.00,120.00,13.50,6.90,1.30,4.20,0.00,25.00,5.00,8.00,4.56,45.84,43.37,13.67,0.06
62,Asparagus (fresh),5 spears,5.00,spears,Asparagus (fresh),"vegetable, asparagus",20.00,9.00,0.10,0.00,0.00,0.00,0.00,4.00,2.00,2.00,2.00,10.00,15.00,2.00,2.00,0.24,67.69,115.17,43.22,0.66
63,Bell peppers (fresh),1 medium bell pepper,1.00,medium bell,Bell peppers (fresh),"vegetable, bell peppers",25.00,15.00,0.20,0.10,0.00,0.00,40.00,6.00,2.00,4.00,1.00,4.00,190.00,2.00,4.00,2.66,10.28,24.74,11.50,0.60
64,Broccoli (fresh),1 medium stalk,1.00,medium stalk,Broccoli (fresh),"vegetable, broccoli",45.00,15.00,0.50,0.10,0.00,0.00,80.00,8.00,3.00,2.00,4.00,6.00,220.00,6.00,6.00,5.27,7.60,25.94,11.67,0.07
65,Brussel sprouts (fresh),4 sprouts,4.00,sprouts,Brussel sprouts (fresh),"vegetable, brussel sprouts",30.00,8.00,0.20,0.00,0.00,0.00,18.00,6.30,2.70,1.60,2.40,10.00,98.00,2.00,5.00,0.37,4.31,14.72,14.72,0.01
66,Cabbage (fresh),1.5 cups shredded,1.50,cups,Cabbage (fresh),"vegetable, cabbage",25.00,8.00,0.10,0.00,0.00,0.00,20.00,5.00,2.00,3.00,1.00,0.00,70.00,4.00,2.00,0.37,6.09,12.77,5.57,0.01
67,Carrots (fresh),1/2 cup carrots,0.50,cup,Carrots (fresh),"vegetable, carrots",30.00,8.00,0.20,0.00,0.00,0.00,60.00,7.00,2.00,5.00,1.00,110.00,10.00,2.00,2.00,0.21,1.88,6.67,3.91,0.06
68,Cauliflower (fresh),1/6 medium head,0.17,medium head,Cauliflower (fresh),"vegetable, cauliflower",25.00,10.00,0.30,0.10,0.00,0.00,30.00,5.00,2.00,2.00,2.00,0.00,100.00,2.00,2.00,3.53,5.08,17.35,7.81,0.04
69,Celery (fresh),2 medium stalks,2.00,medium stalks,Celery (fresh),"vegetable, celery",15.00,11.00,0.20,0.00,0.00,0.00,115.00,4.00,2.00,2.00,0.00,10.00,15.00,4.00,2.00,0.28,2.65,9.40,5.52,0.78
70,Collards (fresh),2 cups chopped,2.00,cups,Collards (fresh),"vegetable, collards",23.00,7.00,0.40,0.00,0.00,0.00,12.00,3.90,2.90,0.30,2.20,100.00,40.00,10.00,0.00,1.19,3.87,8.39,4.50,0.05
71,Cucumbers (fresh),1/3 medium cucumber,0.33,medium cucumber,Cucumbers (fresh),"vegetable, cucumbers",10.00,10.00,0.10,0.00,0.00,0.00,0.00,2.00,1.00,1.00,1.00,4.00,10.00,2.00,2.00,2.87,9.12,19.41,9.90,0.11
72,Eggplant (fresh),1/5 eggplant,0.20,eggplant,Eggplant (fresh),"vegetable, eggplant",20.00,8.00,0.20,0.00,0.00,0.00,0.00,4.80,2.50,2.90,0.80,0.00,3.00,0.00,1.00,4.37,5.26,13.37,6.07,0.23
73,Escarole & endive (fresh),1 cup chopped,1.00,cup,Escarole & endive (fresh),"vegetable, escarole & endive",8.00,5.00,0.10,0.00,0.00,0.00,11.00,1.70,1.60,0.10,0.60,20.00,4.00,2.00,2.00,1.43,1.76,4.05,2.94,0.07
74,Garlic (fresh),1 clove,1.00,clove,Garlic (fresh),"vegetable, garlic",4.00,0.00,0.00,0.00,0.00,0.00,1.00,1.00,0.10,0.00,0.20,0.00,1.00,0.00,0.00,0.01,0.40,0.68,0.37,0.00
75,Head lettuce (fresh),1.5 cups chopped,1.50,cups,Head lettuce (fresh),"vegetable, lettuce",10.00,9.00,0.10,0.00,0.00,0.00,10.00,2.00,1.00,2.00,1.00,6.00,6.00,2.00,2.00,2.50,3.05,7.05,5.11,0.12
76,Kale (fresh),2 cups chopped or 1/2 cup cooked,2.00,cups,Kale (fresh),"vegetable, kale",18.00,7.00,0.30,0.10,0.00,0.00,15.00,3.70,1.30,0.80,1.20,177.00,44.00,4.50,3.00,1.08,4.71,9.88,4.31,0.05
77,Legumes (fresh),1/2 cups cooked,0.50,cups,Legumes (fresh),"vegetable, legumes",115.00,9.00,0.40,0.10,0.00,0.00,2.00,20.00,8.00,1.80,9.00,0.00,2.50,1.50,18.00,0.73,19.24,199.05,295.42,0.06
78,Lima beans (fresh),1/2 cup cooked,0.50,cup,Lima beans (fresh),"vegetable, lima beans",105.00,9.00,0.30,0.10,0.00,0.00,14.00,20.10,4.60,1.40,5.80,0.00,0.00,1.50,12.50,0.77,8.81,30.25,22.46,0.07
79,Mushrooms (fresh),5 medium mushrooms,5.00,medium mushrooms,Mushrooms (fresh),"vegetable, mushrooms",20.00,8.00,0.30,0.00,0.00,0.00,15.00,3.00,1.00,0.00,3.00,0.00,2.00,0.00,2.00,0.39,18.24,18.24,18.24,0.30
80,Mustard greens (fresh),1.5 cups chopped,1.50,cups,Mustard greens (fresh),"vegetable, mustard greens",23.00,8.00,0.40,0.00,0.00,0.00,17.00,3.90,2.70,1.10,2.40,49.50,97.50,9.00,6.00,1.39,4.52,9.79,5.25,0.06
81,Okra (fresh),1 cup or 7 (3in) pods,1.00,cup,Okra (fresh),"vegetable, okra",32.00,8.00,0.20,0.00,0.00,0.00,7.00,7.50,3.20,1.50,1.90,14.00,38.00,8.00,3.00,7.19,10.43,43.42,10.65,0.10
82,Onions (fresh),1 medium onion,1.00,medium onion,Onions (fresh),"vegetable, onions",45.00,15.00,0.10,0.00,0.00,0.00,5.00,11.00,3.00,9.00,1.00,0.00,20.00,4.00,4.00,0.49,6.59,33.56,18.32,0.07
83,Potatoes (fresh),1 medium potato,1.00,medium potato,Potatoes (fresh),"vegetable, potatoes",110.00,15.00,0.20,0.00,0.00,0.00,0.00,26.00,2.00,1.00,3.00,0.00,45.00,2.00,6.00,0.97,9.01,17.78,23.92,0.04
84,Pumpkin (fresh),3/4 cup chopped,0.75,cup,Pumpkin (fresh),"vegetable, pumpkin",23.00,9.00,0.10,0.00,0.00,0.00,1.00,5.70,0.40,2.40,0.90,147.00,13.00,1.50,3.00,2.52,2.35,16.56,6.87,0.01
85,Radishes (fresh),7 radishes,7.00,radishes,Radishes (fresh),"vegetable, radishes",1.47,9.00,0.10,0.00,0.00,0.00,55.00,3.00,1.00,2.00,0.00,0.00,30.00,2.00,2.00,0.23,1.30,7.26,4.26,0.06
86,Romaine and leaf lettuce (fresh),1.5 cups chopped,1.50,cups,Romaine and leaf lettuce (fresh),"vegetable, lettuce",15.00,9.00,0.30,0.00,0.00,0.00,35.00,2.00,1.00,1.00,1.00,130.00,6.00,2.00,4.00,2.50,3.05,7.05,5.11,0.12
87,Green beans (fresh),3/4 cup cut,0.75,cup,Green beans (fresh),"vegetable, snap beans",20.00,8.00,0.10,0.00,0.00,0.00,0.00,5.00,3.00,2.00,1.00,4.00,10.00,4.00,2.00,7.46,7.98,26.36,15.53,0.11
88,Spinach (fresh),3 cups chopped or 1/2 cup cooked,3.00,cups,Spinach (fresh),"vegetable, spinach",20.00,9.00,0.20,0.00,0.00,0.00,63.00,3.40,2.20,0.40,2.70,189.00,14.50,12.00,17.50,1.49,2.27,8.00,11.15,0.02
89,Squash (fresh),1/2 medium squash,0.50,medium squash,Squash (fresh),"vegetable, squash",20.00,10.00,0.20,0.10,0.00,0.00,0.00,4.00,2.00,2.00,1.00,6.00,30.00,2.00,2.00,2.84,2.64,18.65,7.74,0.01
90,Sweet corn (fresh),1/2 cup,0.50,cup,Sweet corn (fresh),"vegetable, corn",90.00,9.00,1.40,0.30,0.00,0.00,0.00,18.00,2.00,5.00,4.00,2.00,10.00,0.00,2.00,0.74,14.12,40.96,7.89,0.06
91,Sweet potatoes (fresh),1 medium potato,1.00,medium potato,Sweet potatoes (fresh),"vegetable, sweet potatoes",100.00,13.00,0.10,0.00,0.00,0.00,70.00,23.00,4.00,7.00,2.00,120.00,30.00,4.00,4.00,0.85,4.07,34.72,43.92,0.03
92,Tomatoes (fresh),1 medium tomato,1.00,medium tomato,Tomatoes (fresh),"vegetable, tomatoes",25.00,15.00,0.30,0.00,0.00,0.00,20.00,5.00,1.00,3.00,1.00,20.00,40.00,2.00,4.00,7.71,10.18,10.27,4.77,0.40
93,Turnip greens (fresh),1.5 cups chopped or 1/2 cup cooked,1.50,cups,Turnip greens (fresh),"vegetable, turnip greens",26.00,3.00,0.30,0.10,0.00,0.00,33.00,5.90,2.60,0.70,1.20,110.00,33.00,9.00,3.00,0.45,1.45,3.15,1.69,0.02
94,Asparagus (canned),1/2 cup,0.50,cup,Asparagus (canned),"vegetable, asparagus",121.00,10.00,0.80,0.20,0.00,0.00,347.00,3.00,1.90,1.30,2.60,20.00,37.00,2.00,12.50,1.38,76.33,129.87,48.74,0.43
95,Cabbage (canned),1/2 cup,0.50,cup,Cabbage (canned),"vegetable, cabbage",22.00,12.00,0.20,0.00,0.00,0.00,780.00,5.10,3.40,2.10,1.10,0.50,22.00,3.00,8.00,1.55,8.55,17.93,7.83,0.07
96,Carrots (canned),1/2 cup,0.50,cup,Carrots (canned),"vegetable, carrots",18.00,7.00,0.10,0.00,0.00,0.00,177.00,4.00,1.10,1.80,0.50,163.00,3.50,2.00,2.50,0.70,1.76,6.24,3.66,0.07
97,Chili peppers (canned),1/2 cup,0.50,cup,Chili peppers (canned),"vegetable, chili peppers",15.00,7.00,0.20,0.00,0.00,0.00,276.00,3.20,1.20,2.00,0.50,2.00,40.00,3.00,5.00,0.92,2.74,8.52,4.37,0.08
98,Cucumbers (canned),1/2 cup,0.50,cup,Cucumbers (canned),"vegetable, cucumbers",40.00,8.00,0.30,0.10,0.00,0.00,350.00,16.20,0.80,14.00,0.40,2.50,1.00,3.00,1.50,1.02,7.14,15.20,7.75,0.09
99,Green peas (canned),1/2 cup,0.50,cup,Green peas (canned),"vegetable, green peas",59.00,9.00,0.30,0.10,0.00,0.00,2.00,10.70,3.50,3.50,3.80,9.00,14.00,2.00,5.00,1.53,10.56,38.34,19.12,0.07
100,Mushrooms (canned),1/2 cup,0.50,cup,Mushrooms (canned),"vegetable, mushrooms",20.00,8.00,0.20,0.00,0.00,0.00,332.00,4.00,1.90,1.80,1.50,0.00,0.00,1.00,3.00,1.05,18.24,18.24,18.24,0.20
101,Potatoes (canned),1/2 cup,0.50,cup,Potatoes (canned),"vegetable, potatoes",54.00,9.00,0.20,0.00,0.00,0.00,197.00,12.30,2.10,10.20,1.30,0.00,8.00,1.00,7.00,1.18,10.96,21.62,29.10,0.06
102,Green beans (canned),1/2 cup,0.50,cup,Green beans (canned),"vegetable, snap beans",15.00,7.00,0.30,0.10,0.00,0.00,155.00,2.90,1.30,0.50,0.80,5.00,5.00,2.00,4.00,0.89,6.49,21.44,12.63,0.08
103,Sweet corn (canned),1/2 cup,0.50,cup,Sweet corn (canned),"vegetable, corn",55.00,8.00,1.00,0.20,0.00,0.00,168.00,11.80,1.60,3.60,1.90,1.00,1.00,1.00,4.00,1.08,15.96,26.73,7.86,0.08
104,Tomatoes (canned),1/2 cup,0.50,cup,Tomatoes (canned),"vegetable, tomatoes",33.00,13.00,0.20,0.00,0.00,0.00,282.00,7.90,1.30,4.50,1.20,15.00,15.00,4.00,4.00,1.44,24.36,23.10,14.29,0.15
105,Mixed vegetables (canned),1/2 cup,0.50,cup,Mixed vegetables (canned),vegetable,40.00,9.00,0.20,0.00,0.00,0.00,174.00,7.60,2.40,2.00,2.10,190.00,7.00,2.00,5.00,1.64,3.57,11.07,5.68,0.10
106,Broccoli (frozen),1/2 cup,0.50,cup,Broccoli (frozen),"vegetable, broccoli",26.00,9.00,0.10,0.00,0.00,0.00,10.00,4.90,2.80,1.40,2.90,18.50,61.50,3.00,3.00,3.04,4.38,13.59,6.97,0.13
107,Spinach (frozen),1/2 cup,0.50,cup,Spinach (frozen),"vegetable, spinach",32.00,10.00,0.80,0.10,0.00,0.00,92.00,4.60,3.50,0.50,3.80,229.00,3.00,15.00,10.00,2.47,6.85,24.13,33.62,0.12
108,Carrots (frozen),1/2 cup,0.50,cup,Carrots (frozen),"vegetable, carrots",27.00,7.00,0.50,0.10,0.00,0.00,43.00,5.60,2.40,3.00,0.40,247.00,3.00,3.00,2.00,1.90,1.76,6.24,3.66,0.11
109,Asparagus (frozen),1/2 cup,0.50,cup,Asparagus (frozen),"vegetable, asparagus",16.00,9.00,0.40,0.10,0.00,0.00,3.00,1.70,1.40,0.30,2.70,15.00,37.00,2.00,3.00,2.34,65.51,111.45,41.83,0.42
110,Cauliflower (frozen),1/2 cup,0.50,cup,Cauliflower (frozen),"vegetable, cauliflower",17.00,9.00,0.20,0.00,0.00,0.00,16.00,3.40,2.40,0.90,1.50,0.00,79.00,0.00,11.00,2.98,4.62,15.77,7.10,0.12
111,Green peas (frozen),1/2 cup,0.50,cup,Green peas (frozen),"vegetable, green peas",62.00,7.00,0.20,0.00,0.00,0.00,58.00,11.40,3.60,3.50,4.10,34.00,13.00,2.00,7.00,0.80,9.07,32.93,16.42,0.10
112,Lima beans (frozen),1/2 cup,0.50,cup,Lima beans (frozen),"vegetable, lima beans",88.00,9.00,0.30,0.10,0.00,0.00,59.00,16.40,4.50,1.10,5.20,3.00,18.00,3.00,9.00,0.94,10.56,38.34,19.12,0.12
113,Potatoes (frozen),1/2 cup,0.50,cup,Potatoes (frozen),"vegetable, potatoes",170.00,9.00,0.00,0.00,0.00,0.00,25.00,37.00,4.00,2.00,5.00,0.00,35.00,4.00,10.00,2.21,10.35,20.42,27.48,0.13
114,Green beans (frozen),2/3 cup,0.67,cup,Green beans (frozen),"vegetable, snap beans",25.00,9.00,0.20,0.00,0.00,0.00,1.00,5.80,2.70,1.70,1.40,10.00,6.00,4.00,3.00,2.49,8.65,28.58,16.84,0.16
115,Sweet corn (frozen),1/2 cup,0.50,cup,Sweet corn (frozen),"vegetable, corn",67.00,8.00,0.60,0.10,0.00,0.00,1.00,15.90,2.00,2.50,2.10,3.00,5.00,0.00,2.00,2.15,16.06,26.89,7.90,0.12
116,Mixed vegetables (frozen),1/2 cup,0.50,cup,Mixed vegetables (frozen),vegetable,59.00,9.00,0.10,0.00,0.00,0.00,32.00,11.90,4.00,2.80,2.60,78.00,5.00,2.00,4.00,2.21,4.04,12.56,6.44,0.20
117,Onions (dehydrated),1/4 cup,0.25,cup,Dehydrated onions,"vegetable, onions",49.00,1.00,0.10,0.00,0.00,0.00,3.00,11.70,1.30,5.20,1.30,0.00,17.00,4.00,1.00,0.06,1.13,1.72,0.68,0.01
118,Potatoes (dehydrated),1/2 cup,0.50,cup,Dehydrated potatoes,"vegetable, potatoes",106.00,3.00,0.10,0.10,0.00,0.00,23.00,24.40,2.00,1.00,2.50,0.00,40.50,1.00,2.00,0.17,6.64,13.11,17.63,0.02
119,Shoestring potatoes,1/2 cup,0.50,cup,Shoestring potatoes,"vegetable, potatoes",50.00,3.00,1.90,0.40,0.00,0.00,97.00,7.70,0.70,0.10,0.70,0.00,9.00,0.00,1.00,0.17,6.64,13.11,17.63,0.01
120,Milk (whole),1 cup,1.00,cup,Whole milk,"dairy, milk",149.00,24.00,7.90,4.60,0.00,24.00,105.00,11.70,0.00,12.30,7.70,6.00,4.00,30.00,0.00,1.44,18.29,163.03,22.38,0.29
121,Milk (2%),1 cup,1.00,cup,2% milk,"dairy, milk",123.00,24.00,4.90,3.10,0.00,20.00,116.00,11.80,0.00,12.50,8.10,10.00,4.00,30.00,0.00,1.29,18.29,163.03,22.38,0.30
122,Milk (1%),1 cup,1.00,cup,1% milk,"dairy, milk",102.00,24.00,2.40,1.50,0.00,12.00,107.00,12.20,0.00,12.70,8.20,10.00,4.00,30.00,0.00,1.29,17.70,157.77,21.66,0.30
123,Milk (skim),1 cup,1.00,cup,Skim milk,"dairy, milk",83.00,24.00,0.20,0.10,0.00,5.00,103.00,12.20,0.00,12.50,8.30,10.00,4.00,30.00,0.00,1.63,17.70,157.77,21.66,0.31
124,Milk (whole flavored),1 cup,1.00,cup,Whole flavored milk,"dairy, milk",208.00,24.00,8.50,5.30,0.00,30.00,150.00,25.90,2.00,23.90,7.90,6.00,4.00,30.00,0.00,1.44,18.29,163.03,22.38,0.29
125,Milk (lowfat flavored),1 cup,1.00,cup,Lowfat flavored milk,"dairy, milk",155.00,24.00,2.50,1.50,0.00,12.00,162.00,24.70,0.20,24.90,8.70,10.00,4.00,30.00,0.00,1.29,17.70,157.77,21.66,0.30
126,Buttermilk,1 cup,1.00,cup,Buttermilk,"dairy, milk",152.00,24.00,8.10,4.70,0.00,27.00,257.00,12.00,0.00,12.00,7.90,2.00,4.00,28.00,0.00,1.44,27.74,247.25,33.95,0.27
127,Yogurt,1 cup,1.00,cup,Yogurt,dairy,280.00,25.00,7.00,4.50,0.00,25.00,150.00,44.00,0.00,38.00,9.00,4.00,20.00,35.00,0.00,3.86,21.42,190.92,26.21,0.49
128,Cheddar cheese,1/4 cup or 1 oz,0.25,cup,Cheddar cheese,"dairy, cheese",113.00,3.00,9.30,5.30,0.30,28.00,183.00,0.90,0.00,0.10,6.40,5.00,0.00,20.00,1.00,1.64,10.48,89.50,12.29,0.24
129,American cheese,1/4 cup or 1 oz,0.25,cup,American cheese,"dairy, cheese",110.00,3.00,9.00,6.00,0.30,25.00,180.00,0.00,0.00,0.00,6.00,6.00,0.00,8.00,0.00,1.64,10.48,89.50,12.29,0.32
130,Provolone cheese,1/4 cup or 1 oz,0.25,cup,Provolone cheese,"dairy, cheese",100.00,3.00,7.30,4.80,0.00,20.00,248.00,0.60,0.00,0.20,7.30,4.00,0.00,21.00,0.00,1.64,10.48,89.50,12.29,0.25
131,Romano cheese,1/4 cup or 1 oz,0.25,cup,Romano cheese,"dairy, cheese",110.00,3.00,7.60,4.90,0.00,29.00,406.00,1.00,0.00,0.20,9.00,2.00,0.00,30.00,1.00,1.64,10.48,89.50,12.29,0.25
132,Parmesan cheese,1/4 cup or 1 oz,0.25,cup,Parmesan cheese,"dairy, cheese",111.00,3.00,7.30,4.70,0.00,19.00,390.00,0.90,0.00,0.20,10.10,4.00,0.00,31.00,1.00,1.64,10.48,89.50,12.29,0.25
133,Mozzarella cheese,1/4 cup or 1 oz,0.25,cup,Mozzarella cheese,"dairy, cheese",85.00,3.00,6.30,3.70,0.00,22.00,178.00,0.60,0.00,0.30,6.30,3.00,0.00,14.00,0.00,1.64,10.48,89.50,12.29,0.20
134,Ricotta cheese,1/4 cup or 1 oz,0.25,cup,Ricotta cheese,"dairy, cheese",108.00,6.00,8.10,5.10,0.00,32.00,52.00,1.90,0.00,0.20,7.00,5.00,0.00,12.00,1.00,3.64,23.21,198.17,27.21,0.56
135,Other italian cheese,1/4 cup or 1 oz,0.25,cup,Other italian cheese,"dairy, cheese",109.00,3.00,8.70,5.40,0.00,32.00,224.00,0.40,0.00,0.40,7.20,5.00,0.00,15.00,0.00,1.64,10.48,89.50,12.29,0.25
136,Swiss cheese,1/4 cup or 1 oz,0.25,cup,Swiss cheese,"dairy, cheese",110.00,3.00,8.70,5.10,0.30,26.00,52.00,0.40,0.00,0.00,7.60,4.00,0.00,22.00,0.00,1.64,10.48,89.50,12.29,0.25
137,Brick cheese,1/4 cup or 1 oz,0.25,cup,Brick cheese,"dairy, cheese",104.00,3.00,8.30,5.30,0.00,26.00,157.00,0.80,0.00,0.10,6.50,6.00,0.00,18.00,0.00,1.64,10.48,89.50,12.29,0.25
138,Muenster cheese,1/4 cup or 1 oz,0.25,cup,Muenster cheese,"dairy, cheese",104.00,3.00,8.50,5.40,0.00,27.00,178.00,0.30,0.00,0.30,6.60,5.00,0.00,20.00,0.00,1.64,10.48,89.50,12.29,0.25
139,Blue cheese,1/4 cup or 1 oz,0.25,cup,Blue cheese,"dairy, cheese",100.00,3.00,8.20,5.30,0.00,21.00,325.00,0.70,0.00,0.10,6.10,4.00,0.00,15.00,0.00,1.64,10.48,89.50,12.29,0.25
140,Miscellaneous cheese,1/4 cup or 1 oz,0.25,cup,Miscellaneous cheese,"dairy, cheese",116.00,3.00,9.10,5.30,0.00,31.00,200.00,0.10,0.00,0.10,8.40,5.00,0.00,28.00,0.00,1.64,10.48,89.50,12.29,0.31
141,Cottage cheese (regular),1/2 cup,0.50,cup,Regular cottage cheese,"dairy, cheese",111.00,11.00,4.90,1.90,0.00,19.00,411.00,3.80,0.00,3.00,12.60,3.00,0.00,9.00,0.50,6.63,25.53,227.55,31.24,0.20
142,Cottage cheese (lowfat),1/2 cup,0.50,cup,Lowfat cottage cheese,"dairy, cheese",81.00,11.00,1.20,0.70,0.00,5.00,459.00,3.10,0.00,3.10,14.00,0.50,0.00,6.50,0.50,6.63,25.53,227.55,31.24,0.20
143,Ice cream (regular),1/2 cup,0.50,cup,Regular ice cream,"dairy, frozen dairy",137.00,7.00,7.30,6.00,0.00,35.00,53.00,15.60,0.50,14.00,2.30,5.00,0.00,8.00,0.00,0.58,8.38,73.78,10.13,0.17
144,Ice cream (lowfat),1/2 cup,0.50,cup,Lowfat ice cream,"dairy, frozen dairy",137.00,8.00,3.70,2.20,0.00,21.00,56.00,22.40,0.20,16.80,3.60,6.00,1.00,12.00,0.00,0.68,5.70,50.78,6.97,0.20
145,Frozen yogurt,1/2 cup,0.50,cup,Frozen yogurt,"dairy, frozen dairy",110.00,9.00,3.10,2.00,0.00,11.00,55.00,18.80,0.00,17.30,2.60,3.00,1.00,10.00,1.00,0.78,6.93,61.76,8.48,0.27
146,Evaporated and condensed whole milk,1/2 cup,0.50,cup,Evaporated and condensed whole milk,"dairy, evaporated and condensed milk",170.00,13.00,9.50,5.80,0.00,37.00,30.00,12.70,0.00,12.70,8.60,6.00,4.00,35.00,2.00,0.76,9.59,85.52,11.74,0.40
147,Evaporated and condensed skim milk,1/2 cup,0.50,cup,Evaporated and condensed skim milk,"dairy, evaporated and condensed milk",100.00,13.00,0.30,0.20,0.00,5.00,30.00,14.50,0.00,14.50,9.70,6.00,4.00,35.00,2.00,0.86,9.28,82.76,11.36,0.40
148,Dry milk (whole),1/3 cup,0.33,cup,Whole dry milk,"dairy, dry milk products",210.00,4.00,11.30,7.10,0.00,41.00,157.00,16.20,0.00,16.20,11.10,10.00,2.00,30.00,0.00,1.75,13.69,120.26,16.51,0.41
149,Dry milk (nonfat),1/3 cup,0.33,cup,Nonfat dry milk,"dairy, dry milk products",143.00,4.00,0.30,0.20,0.00,8.00,212.00,20.60,0.00,20.60,14.30,10.00,2.00,30.00,0.00,1.75,13.49,120.26,16.51,0.41
150,Dry buttermilk,1/3 cup,0.33,cup,Dry buttermilk,"dairy, dry milk products",153.00,4.00,2.30,1.40,0.00,27.00,205.00,19.40,0.00,19.40,13.60,1.00,3.50,47.00,0.67,1.75,13.62,120.26,16.51,0.41
151,Wheat flour,1/4 cup dry,0.25,cup,Wheat flour,grain,102.00,3.00,0.80,0.10,0.00,0.00,1.00,21.60,3.20,0.10,4.00,0.00,0.00,0.25,2.00,0.15,6.59,47.76,6.63,0.02
152,Rye flour,1/4 cup dry,0.25,cup,Rye flour,grain,89.00,3.00,0.40,0.00,0.00,0.00,1.00,19.20,3.00,0.30,2.80,0.00,0.00,0.50,3.50,0.16,5.38,82.45,7.20,0.02
153,Rice,1/2 cup cooked,0.50,cup,Rice,grain,103.00,8.00,0.20,0.10,0.00,0.00,1.00,22.30,0.30,0.00,2.10,0.00,0.00,0.50,0.50,0.61,66.79,88.19,20.92,0.09
154,Corn flour and meal,1/4 cup dry,0.25,cup,Corn flour and meal,"grain, corn, vegetable",106.00,4.00,1.10,0.20,0.00,0.00,1.00,22.50,2.10,0.20,2.00,1.50,0.00,0.00,2.25,0.20,2.69,27.36,6.90,0.03
155,Corn hominy and grits,1/2 cup cooked,0.50,cup,Corn hominy and grits,"grain, corn, vegetable",81.00,11.00,0.50,0.10,0.00,0.00,249.00,17.50,1.20,0.10,1.70,0.00,0.00,0.50,4.00,0.85,7.91,80.46,20.28,0.07
156,Corn starch,1 tbsp,1.00,tbsp,Corn starch,"grain, corn, vegetable",31.00,1.00,0.00,0.00,0.00,0.00,0.80,7.30,0.10,0.00,0.00,0.00,0.00,0.00,0.19,0.04,0.79,8.04,2.03,0.01
157,Oats,1/2 cup cooked,0.50,cup,Oats,grain,83.00,5.00,1.80,0.40,0.00,0.00,5.00,14.00,2.00,0.30,3.00,10.00,0.00,9.00,38.50,1.17,26.29,94.63,33.75,0.03
158,Oatmeal,1/2 cup cooked,0.50,cup,Oatmeal,grain,83.00,5.00,1.80,0.40,0.00,0.00,5.00,14.00,2.00,0.30,3.00,10.00,0.00,9.00,38.50,1.17,26.29,94.63,33.75,0.03
159,Barley,1/2 cup cooked,0.50,cup,Barley,grain,97.00,8.00,0.40,0.10,0.00,0.00,2.00,22.20,3.00,0.20,1.80,0.00,0.00,0.50,5.50,0.16,14.82,105.76,14.12,0.04
160,Durum flour,1/2 cup cooked,0.50,cup,Durum flour,grain,88.00,8.00,0.10,0.00,0.00,0.00,4.00,18.20,1.10,0.10,3.00,0.00,0.00,0.50,1.50,0.41,17.05,123.51,17.14,0.06
161,Couscous,1/2 cup cooked,0.50,cup,Couscous,grain,88.00,8.00,0.10,0.00,0.00,0.00,4.00,18.20,1.10,0.10,3.00,0.00,0.00,0.50,1.50,0.41,17.05,123.51,17.14,0.06
162,Beef (ground/70% lean meat/30% fat),3 oz,3.00,oz,Beef (ground/70% lean meat/30% fat),"meat, beef",279.00,8.40,24.00,9.60,1.50,66.00,57.00,0.00,0.00,0.00,12.00,0.00,0.00,0.00,6.00,3.99,43.23,1045.78,59.28,2.20
163,Beef (ground/85% lean meat/15% fat),3 oz,3.00,oz,Beef (ground/85% lean meat/15% fat),"meat, beef",213.00,8.50,13.00,5.00,0.00,77.00,61.00,0.00,0.00,0.00,22.00,0.00,0.00,1.00,12.00,3.99,43.23,1045.78,59.28,2.20
164,Beef short ribs,3 oz,3.00,oz,Beef short ribs,"meat, beef",400.00,8.50,36.00,15.00,0.00,80.00,43.00,0.00,0.00,0.00,18.00,0.00,0.00,1.00,11.00,3.99,43.23,1045.78,59.28,2.20
165,Beef brisket,3 oz,3.00,oz,Beef brisket,"meat, beef",132.00,8.52,6.30,2.10,0.00,54.00,66.00,0.00,0.00,0.00,18.00,0.00,0.00,0.00,6.00,3.99,43.23,1045.78,59.28,2.20
166,Corned beef brisket,3 oz,3.00,oz,Corned beef brisket,"meat, beef",213.00,8.50,16.00,5.00,0.00,83.00,827.00,0.40,0.00,0.00,15.00,0.00,0.00,0.00,8.00,3.99,43.23,1045.78,59.28,2.20
167,Beef rib steak,3 oz,3.00,oz,Beef rib steak,"meat, beef",302.00,8.50,24.00,10.00,0.00,72.00,54.00,0.00,0.00,0.00,20.00,0.00,0.00,0.00,11.00,3.99,43.23,1045.78,59.28,2.20
168,Beef round steak,3 oz,3.00,oz,Beef round steak,"meat, beef",154.00,8.50,6.00,2.20,0.00,65.00,49.00,0.00,0.00,0.00,23.00,0.00,0.00,0.00,13.00,3.99,43.23,1045.78,59.28,2.20
169,Beef shoulder tender,3 oz,3.00,oz,Beef shoulder tender,"meat, beef",150.00,8.50,6.00,2.40,0.00,66.00,50.00,0.00,0.00,0.00,22.00,0.00,0.00,0.00,12.00,3.99,43.23,1045.78,59.28,2.20
170,Beef skirt steak,3 oz,3.00,oz,Beef skirt steak,"meat, beef",187.00,8.50,10.00,4.00,0.00,51.00,64.00,0.00,0.00,0.00,22.00,0.00,0.00,0.00,13.00,3.99,43.23,1045.78,59.28,2.20
171,Beef T-bone steak,3 oz,3.00,oz,Beef T-bone steak,"meat, beef",210.00,8.50,14.00,5.00,0.00,51.00,57.00,0.00,0.00,0.00,21.00,0.00,0.00,0.00,15.00,3.99,43.23,1045.78,59.28,2.20
172,Beef tenderloin roast,3 oz,3.00,oz,Beef tenderloin roast,"meat, beef",276.00,8.50,21.00,8.00,0.00,72.00,48.00,0.00,0.00,0.00,20.00,0.00,0.00,0.00,14.00,3.99,43.23,1045.78,59.28,2.20
173,Beef tenderloin steak,3 oz,3.00,oz,Beef tenderloin steak,"meat, beef",227.00,8.50,15.00,6.00,0.00,82.00,46.00,0.00,0.00,0.00,22.00,0.00,0.00,1.00,7.00,3.99,43.23,1045.78,59.28,2.20
174,Beef top sirloin steak,3 oz,3.00,oz,Beef top sirloin steak,"meat, beef",207.00,8.50,12.00,4.80,0.00,78.00,48.00,0.00,0.00,0.00,23.00,0.00,0.00,1.00,8.00,3.99,43.23,1045.78,59.28,2.20
175,Veal ground,3 oz,3.00,oz,Veal ground,"meat, beef",146.00,8.50,6.00,2.60,0.00,88.00,71.00,0.00,0.00,0.00,21.00,0.00,0.00,1.00,4.00,3.99,43.23,1045.78,59.28,0.62
176,Veal ribs,3 oz,3.00,oz,Veal ribs,"meat, beef",194.00,8.50,12.00,4.60,0.00,94.00,78.00,0.00,0.00,0.00,20.00,0.00,0.00,0.00,4.00,3.99,43.23,1045.78,59.28,0.62
177,Veal shank,3 oz,3.00,oz,Veal shank,"meat, beef",96.00,8.50,3.00,0.90,0.00,63.00,15.00,0.00,0.00,0.00,15.00,0.00,0.00,0.00,3.00,3.99,43.23,1045.78,59.28,0.62
178,Veal shoulder,3 oz,3.00,oz,Veal shoulder,"meat, beef",111.00,8.50,4.50,1.80,0.00,75.00,78.00,0.00,0.00,0.00,15.00,0.00,0.00,0.00,3.00,3.99,43.23,1045.78,59.28,0.62
179,Veal sirloin,3 oz,3.00,oz,Veal sirloin,"meat, beef",214.00,8.50,11.00,4.40,0.00,92.00,67.00,0.00,0.00,0.00,27.00,0.00,0.00,1.00,5.00,3.99,43.23,1045.78,59.28,0.62
180,Pork (ham/extra lean/5% fat),3 oz,3.00,oz,Pork (ham/extra lean/5% fat),"meat, pork",123.00,8.50,4.70,1.50,0.00,45.00,1023.00,1.30,0.00,0.00,18.00,0.00,0.00,0.00,7.00,2.79,33.56,249.06,46.09,0.54
181,Pork (ham/slice/with bone),3 oz,3.00,oz,Pork (ham/slice/with bone),"meat, pork",147.00,8.50,8.00,2.50,0.10,55.00,632.00,0.20,0.00,0.00,19.00,0.00,0.00,1.00,5.00,2.79,33.56,249.06,46.09,0.54
182,Pork belly,3 oz,3.00,oz,Pork belly,"meat, pork",441.00,8.50,45.00,15.00,0.00,60.00,27.00,0.00,0.00,0.00,7.80,0.00,0.00,0.00,0.00,2.79,33.56,249.06,46.09,0.54
183,Bacon,3 oz,3.00,oz,Bacon,"meat, pork",441.00,8.50,45.00,15.00,0.00,60.00,27.00,0.00,0.00,0.00,7.80,0.00,0.00,0.00,0.00,2.79,33.56,249.06,46.09,0.54
184,Pork tenderloin,3 oz,3.00,oz,Pork tenderloin,"meat, pork",122.00,8.50,3.00,1.00,0.00,62.00,48.00,0.00,0.00,0.00,22.00,0.00,0.00,0.00,5.00,2.79,33.56,249.06,46.09,0.54
185,Pork (ground/72% lean),3 oz,3.00,oz,Pork (ground/72% lean),"meat, pork",333.00,8.50,27.75,9.75,0.23,84.75,79.50,1.20,0.00,0.00,19.50,0.00,0.00,1.50,5.25,2.79,33.56,249.06,46.09,0.54
186,Pork (ground/96% lean),3 oz,3.00,oz,Pork (ground/96% lean),"meat, pork",157.00,8.50,5.00,1.80,0.00,72.00,75.00,0.50,0.00,0.00,27.00,0.00,0.00,1.00,4.00,2.79,33.56,249.06,46.09,0.54
187,Pork loin,3 oz,3.00,oz,Pork loin,"meat, pork",206.00,8.50,12.00,4.40,0.00,68.00,53.00,0.00,0.00,0.00,23.00,0.00,0.00,1.00,3.00,2.79,33.56,249.06,46.09,0.54
188,Pork shoulder,3 oz,3.00,oz,Pork shoulder,"meat, pork",228.00,8.50,16.00,6.00,0.00,73.00,57.00,0.00,0.00,0.00,20.00,0.00,1.00,2.00,6.00,2.79,33.56,249.06,46.09,0.54
189,Lamb foreshank (1/4in fat),3 oz,3.00,oz,Lamb foreshank (1/4in fat),"meat, lamb",171.00,8.50,11.40,5.10,0.00,60.00,60.00,0.00,0.00,0.00,15.00,0.00,0.00,0.00,6.00,2.95,23.14,625.80,2.53,1.88
190,Lamb leg (1/4in fat),3 oz,3.00,oz,Lamb leg (1/4in fat),"meat, lamb",195.00,8.50,14.40,6.30,0.00,60.00,48.00,0.00,0.00,0.00,15.00,0.00,0.00,0.00,6.00,2.95,23.14,625.80,2.53,1.88
191,Lamb loin (1/4in fat),3 oz,3.00,oz,Lamb loin (1/4in fat),"meat, lamb",264.00,8.50,24.00,9.90,0.00,63.00,48.00,0.00,0.00,0.00,13.80,0.00,0.00,0.00,6.00,2.95,23.14,625.80,2.53,1.88
192,Lamb rib (1/4in fat),3 oz,3.00,oz,Lamb rib (1/4in fat),"meat, lamb",315.00,8.50,30.00,12.90,0.00,66.00,48.00,0.00,0.00,0.00,12.30,0.00,0.00,0.00,6.00,2.95,23.14,625.80,2.53,1.88
193,Lamb shoulder (1/4in fat),3 oz,3.00,oz,Lamb shoulder (1/4in fat),"meat, lamb",225.00,8.50,18.00,7.80,0.00,60.00,51.00,0.00,0.00,0.00,14.10,0.00,0.00,0.00,6.00,2.95,23.14,625.80,2.53,1.88
194,Lamb (1/4in fat),3 oz,3.00,oz,Lamb (1/4in fat),"meat, lamb",250.00,8.50,18.00,8.00,0.00,82.00,61.00,0.00,0.00,0.00,21.00,0.00,0.00,1.00,8.00,2.95,23.14,625.80,2.53,1.88
195,Chicken,3 oz,3.00,oz,Chicken,"meat, poultry",203.51,8.50,11.54,3.04,0.00,74.72,69.86,0.00,0.00,0.00,23.09,2.43,0.00,1.22,5.47,2.33,21.01,145.13,85.28,0.38
196,Duck,3 oz,3.00,oz,Duck,"meat, poultry",286.74,8.50,24.30,8.51,0.00,71.69,50.42,0.00,0.00,0.00,16.40,3.04,0.00,0.61,12.76,2.33,21.01,145.13,85.28,0.38
197,Turkey,3 oz,3.00,oz,Turkey,"meat, poultry",162.00,8.50,6.30,1.80,0.00,93.00,87.00,0.00,0.00,0.00,24.00,0.00,0.00,0.00,3.00,2.33,21.01,145.13,85.28,0.38
198,Chicken eggs,1 large egg,1.00,large egg,Chicken eggs,"meat, poultry, eggs",72.00,5.00,4.80,1.60,0.00,186.00,71.00,0.40,0.00,0.20,6.30,5.00,0.00,2.00,3.00,0.28,12.78,79.50,15.13,0.20
199,Cod (fresh and frozen),3 oz,3.00,oz,Fresh and frozen cod,"meat, seafood, fish",70.00,8.50,0.60,0.10,0.00,37.00,46.00,0.00,0.00,0.00,15.00,0.00,1.00,1.00,1.00,5.46,2.47,1384.31,831.57,0.38
200,Flounder (fresh and frozen),3 oz,3.00,oz,Fresh and frozen flounder,"meat, seafood, fish",60.00,8.50,1.60,0.40,0.00,38.00,252.00,0.00,0.00,0.00,11.00,0.00,0.00,1.00,1.00,5.30,2.47,1384.31,831.57,0.30
201,Herring (fresh and frozen),3 oz,3.00,oz,Fresh and frozen herring,"meat, seafood, fish",134.00,8.50,8.00,1.70,0.00,51.00,77.00,0.00,0.00,0.00,15.00,1.00,1.00,4.00,4.00,1.87,2.47,1384.31,831.57,0.11
202,Mackerel (fresh and frozen),3 oz,3.00,oz,Fresh and frozen mackerel,"meat, seafood, fish",85.00,8.50,12.00,3.00,0.00,59.00,77.00,0.00,0.00,0.00,16.00,3.00,1.00,1.00,8.00,3.15,2.47,1384.31,831.57,0.05
203,Salmon (fresh and frozen),3 oz,3.00,oz,Fresh and frozen salmon,"meat, seafood, fish",177.00,8.50,11.00,2.60,0.00,47.00,50.00,0.00,0.00,0.00,17.00,0.00,5.00,0.00,1.00,3.97,2.47,1384.31,831.57,0.30
204,Sea bass (fresh and frozen),3 oz,3.00,oz,Fresh and frozen sea bass,"meat, seafood, fish",105.00,8.50,2.20,0.60,0.00,45.00,74.00,0.00,0.00,0.00,20.00,3.00,0.00,1.00,1.00,4.64,2.47,1384.31,831.57,0.30
205,Tilapia (fresh and frozen),3 oz,3.00,oz,Fresh and frozen tilapia,"meat, seafood, fish",112.00,8.50,2.30,0.80,0.00,50.00,49.00,0.00,0.00,0.00,23.00,0.00,0.00,1.00,3.00,5.30,2.47,1384.31,831.57,0.30
206,Trout (fresh and frozen),3 oz,3.00,oz,Fresh and frozen trout,"meat, seafood, fish",128.00,8.50,5.00,1.00,0.00,59.00,48.00,0.00,0.00,0.00,19.00,1.00,3.00,7.00,2.00,6.65,2.47,1384.31,831.57,0.38
207,Turbot (fresh and frozen),3 oz,3.00,oz,Fresh and frozen turbot,"meat, seafood, fish",81.00,8.50,3.00,1.00,0.00,41.00,128.00,0.00,0.00,0.00,14.00,1.00,2.00,2.00,2.00,24.74,2.47,1384.31,831.57,0.30
208,Shrimp (fresh and frozen),3 oz,3.00,oz,Fresh and frozen shrimp,"meat, seafood, shellfish",84.00,8.50,0.50,0.10,0.00,161.00,119.00,0.00,0.00,0.00,20.38,0.00,0.00,6.00,2.00,4.94,0.15,663.00,331.57,0.97
209,Lobster (fresh and frozen),3 oz,3.00,oz,Fresh and frozen lobster,"meat, seafood, shellfish",76.00,8.50,0.70,0.20,0.00,124.00,413.00,0.00,0.00,0.00,16.00,0.00,0.00,8.00,1.00,86.56,0.15,663.00,331.57,1.72
210,Mussels (fresh and frozen),3 oz,3.00,oz,Fresh and frozen mussels,"meat, seafood, shellfish",146.00,8.50,3.80,0.70,0.00,48.00,314.00,6.00,0.00,0.00,20.00,5.00,19.00,2.00,31.00,1.68,0.15,663.00,331.57,0.01
211,Crabs (fresh and frozen),3 oz,3.00,oz,Fresh and frozen crabs,"meat, seafood, shellfish",71.00,8.50,0.60,0.20,0.00,82.00,336.00,0.00,0.00,0.00,15.00,0.00,4.00,7.00,2.00,5.54,0.15,663.00,331.57,0.94
212,Salmon (canned),3 oz,3.00,oz,Canned salmon,"meat, seafood, fish",117.00,9.00,4.30,0.80,0.00,71.00,324.00,0.00,0.00,0.00,19.60,0.00,0.00,24.00,3.00,2.68,2.47,1384.31,831.57,0.35
213,Sardines (canned),3.75 oz or 1 can,3.75,oz,Canned sardines,"meat, seafood, fish",191.00,9.00,10.50,1.40,0.00,131.00,282.00,0.00,0.00,0.00,22.70,2.00,0.00,35.00,15.00,4.78,2.67,1498.31,900.05,0.24
214,Tuna (canned),3 oz,3.00,oz,Canned tuna,"meat, seafood, fish",158.00,9.00,6.90,1.10,0.00,26.00,337.00,0.00,0.00,0.00,22.60,0.00,0.00,0.00,3.00,3.74,2.47,1384.31,831.57,0.48
215,Other fish (canned),3 oz,3.00,oz,Other fish (canned),"meat, seafood, fish",133.00,9.00,5.40,1.60,0.00,67.00,322.00,0.00,0.00,0.00,19.70,6.00,0.00,21.00,9.00,4.08,2.47,1384.31,831.57,0.35
216,Shellfish (canned),3 oz,3.00,oz,Canned shellfish,"meat, seafood, shellfish",121.00,9.00,1.40,0.30,0.00,42.00,95.00,5.00,0.00,0.00,20.60,10.00,31.00,8.00,132.00,0.98,1.22,663.59,221.61,0.35
217,Peanuts,1/4 cup,0.25,cup,Peanuts,"meat, nuts",207.00,4.00,20.00,2.30,0.00,0.00,7.00,5.90,3.10,1.70,9.40,0.00,0.00,3.00,7.00,0.07,9.05,83.69,7.77,0.07
218,Almonds,1/4 cup,0.25,cup,Almonds,"meat, nuts",207.00,4.00,17.90,1.40,0.00,0.00,0.00,7.70,4.50,1.60,7.60,0.00,0.00,7.00,6.00,0.22,106.53,156.68,130.31,0.06
219,Hazelnuts,1/4 cup,0.25,cup,Hazelnuts,"meat, nuts",212.00,3.00,20.50,1.50,0.00,0.00,0.00,5.60,3.30,1.50,5.10,0.00,3.00,3.00,7.00,0.21,91.94,141.76,111.30,0.06
220,Pecans,1/4 cup,0.25,cup,Pecans,"meat, nuts",188.00,3.00,19.60,1.70,0.00,0.00,0.00,3.80,2.60,1.10,2.50,0.00,1.00,2.00,4.00,0.17,64.46,82.19,79.29,0.05
221,Walnuts,1/4 cup,0.25,cup,Walnuts,"meat, nuts",164.00,3.00,16.30,1.50,0.00,0.00,0.00,3.40,1.70,0.70,3.80,0.00,1.00,3.00,5.00,0.15,59.14,75.40,72.75,0.04
222,Macadamia nuts,1/4 cup,0.25,cup,Macadamia nuts,"meat, nuts",241.00,3.00,25.40,4.00,0.00,0.00,2.00,4.60,2.90,1.50,2.70,0.00,1.00,2.00,6.00,0.21,163.49,67.76,16.92,0.06
223,Pistachio nuts,1/4 cup,0.25,cup,Pistachio nuts,"meat, nuts",172.00,3.00,13.90,1.80,0.00,0.00,0.00,8.40,3.30,2.40,6.20,3.00,2.00,3.00,6.00,0.19,150.07,62.20,15.54,0.05
224,Other tree nuts,1/4 cup,0.25,cup,Other tree nuts,"meat, nuts",157.00,3.00,12.40,2.20,0.00,0.00,3.00,8.60,0.90,1.70,5.20,0.00,0.00,1.00,10.00,0.17,22.67,242.77,24.03,0.05
225,Coconuts,2 tbsp shredded,2.00,tbsp,Coconuts,"meat, nuts",35.00,1.00,3.40,3.00,0.00,0.00,2.00,1.50,0.90,0.60,0.30,0.00,0.50,0.13,1.38,0.07,0.01,23.50,0.14,0.02
226,Sugar,1 tbsp,1.00,tbsp,Sugar,sugars and sweeteners,49.00,1.00,0.00,0.00,0.00,0.00,0.00,12.60,0.00,12.60,0.00,0.00,0.00,0.00,0.00,0.08,2.19,7.73,0.87,0.01
227,Syrup,1 tbsp,1.00,tbsp,Syrup,sugars and sweeteners,52.00,2.00,0.00,0.00,0.00,0.00,2.00,13.40,0.00,12.10,0.00,0.00,0.00,1.00,1.00,0.07,7.34,27.98,2.32,0.02
228,Honey,1 tbsp,1.00,tbsp,Honey,sugars and sweeteners,64.00,2.00,0.00,0.00,0.00,0.00,1.00,17.30,0.00,17.30,0.10,0.00,0.00,0.00,0.00,0.07,7.34,27.98,2.32,0.02
229,Corn sweeteners,1 tbsp,1.00,tbsp,Corn sweeteners,sugars and sweeteners,53.00,2.00,0.00,0.00,0.00,0.00,0.00,14.40,0.00,14.40,0.00,0.00,0.00,0.00,0.00,0.34,6.64,25.31,2.10,0.02
230,Butter,1 tbsp,1.00,tbsp,Butter,fats,102.00,2.00,11.50,7.20,0.00,31.00,2.00,0.00,0.00,0.00,0.10,7.00,0.00,0.00,0.00,0.51,5.92,52.78,7.25,0.21
231,Maragarine,1 tbsp,1.00,tbsp,Maragarine,fats,102.00,1.00,11.50,2.20,2.10,0.00,0.00,0.10,0.00,0.00,0.00,10.00,0.00,0.00,0.00,0.29,5.53,49.26,6.76,0.02
232,Lard and beef tallow,1 tbsp,1.00,tbsp,Lard and beef tallow,fats,115.00,1.00,12.80,6.40,0.00,14.00,0.00,0.00,0.00,0.00,0.00,0.00,0.00,0.00,0.00,0.43,5.05,45.04,6.18,0.18
233,Shortening,1 tbsp,1.00,tbsp,Shortening,fats,113.00,1.00,12.80,3.20,1.70,0.00,1.00,0.00,0.00,0.00,0.00,0.00,0.00,0.00,0.00,0.43,5.05,45.04,6.18,0.03
234,Other added fats,1 tbsp,1.00,tbsp,Other added fats,fats,120.00,1.00,13.60,11.80,0.00,0.00,1.00,0.00,0.00,0.00,0.00,0.00,0.00,0.00,0.00,0.33,5.37,47.86,6.57,0.06
235,Eggnog,1 cup,1.00,cup,Eggnog,"fats, dairy",224.00,25.00,10.60,6.60,0.00,150.00,137.00,20.50,0.00,20.50,11.60,8.00,6.00,33.00,3.00,4.83,32.77,288.31,39.58,0.87
236,Cream,1 tbsp,1.00,tbsp,Cream,"fats, dairy",29.00,2.00,2.90,1.50,0.10,9.00,11.00,0.40,0.00,0.60,0.40,2.00,0.00,1.00,0.00,0.29,1.93,17.03,2.34,0.05
237,Sour cream,2 tbsp,2.00,tbsp,Sour cream,"fats, dairy",33.00,2.00,2.50,1.60,0.00,8.00,20.00,1.70,0.00,0.10,0.80,2.00,0.00,2.00,0.00,0.46,3.10,27.24,3.74,0.06
238,Cream cheese,2 tbsp,2.00,tbsp,Cream cheese,"fats, dairy",102.00,3.00,10.00,5.90,0.00,29.00,91.00,1.60,0.00,1.10,1.80,8.00,0.00,2.00,0.00,0.55,3.74,32.92,4.52,0.06
239,Salad and cooking oils,1 tbsp,1.00,tbsp,Salad and cooking oils,oils,120.00,1.00,13.60,2.10,0.10,0.00,0.00,0.00,0.00,0.00,0.00,0.00,0.00,0.00,0.00,0.22,14.73,72.60,4.98,0.02